"","classcode","common_name","Kingdom","Phylum","Class","Order","Family","Genus","Species","species_definition","taxonomic_source","taxonomic_id"
"1","AARG","Barred Surfperch","Animalia","Chordata","Actinopterygii","Perciformes","Embiotocidae","Amphistichus","argenteus","Amphistichus argenteus","WoRMS","279594"
"4","ACOR","Coralline Sculpin","Animalia","Chordata","Actinopterygii","Scorpaeniformes","Cottidae","Artedius","corallinus","Artedius corallinus","WoRMS","279699"
"8","ADAV","Sargo","Animalia","Chordata","Actinopterygii","Perciformes","Haemulidae","Anisotremus","davidsonii","Anisotremus davidsonii","WoRMS","279617"
"12","AFLA","Tubesnout","Animalia","Chordata","Actinopterygii","Gasterosteiformes","Aulorhynchidae","Aulorhynchus","flavidus","Aulorhynchus flavidus","WoRMS","279839"
"16","AGUA","Guadalupe Cardinalfish","Animalia","Chordata","Actinopterygii","Perciformes","Apogonidae","Apogon","guadalupensis","Apogon guadalupensis","WoRMS","273016"
"18","AHAR","Scaleyhead Sculpin","Animalia","Chordata","Actinopterygii","Scorpaeniformes","Cottidae","Artedius","harringtoni","Artedius harringtoni","WoRMS","279701"
"19","AHEX","Sandlance","Animalia","Chordata","Actinopterygii","Perciformes","Ammodytidae","Ammodytes","hexapterus","Ammodytes hexapterus","WoRMS","254510"
"20","AHOL","Island Kelpfish","Animalia","Chordata","Actinopterygii","Perciformes","Labrisomidae","Alloclinus","holderi","Alloclinus holderi","WoRMS","279560"
"24","AINE","Smooth Alligatorfish","Animalia","Chordata","Actinopterygii","Scorpaeniformes","Agonidae","Anoplagonus","inermis","Anoplagonus inermis","WoRMS","279630"
"26","ANOB","White Seabass","Animalia","Chordata","Actinopterygii","Perciformes","Sciaenidae","Atractoscion","nobilis","Atractoscion nobilis","WoRMS","278535"
"29","AOCE","Wolf Eel","Animalia","Chordata","Actinopterygii","Perciformes","Anarhichadidae","Anarrhichthys","ocellatus","Anarrhichthys ocellatus","WoRMS","279605"
"32","APFL","Penpiont Gunnel","Animalia","Chordata","Actinopterygii","Perciformes","Pholidae","Apodichthys","flavidus","Apodichthys flavidus","WoRMS","279664"
"33","ATHE","Grunion, Topsmelt Or Jacksmelt","Animalia","Chordata","Actinopterygii","Atheriniformes","Atherinopsidae","Atherinopsidae","spp","Atherinopsidae","WoRMS","266995"
"37","AVUL","Thresher Shark","Animalia","Chordata","Elasmobranchii","Lamniformes","Alopiidae","Alopias","vulpinus","Alopias vulpinus","WoRMS","105836"
"40","BAITBALL","Bait, Sardines/Anchovies","Animalia","Chordata","Actinopterygii","Clupeiformes",NA,NA,NA,"Clupeiformes","WoRMS","10297"
"43","BATH","Ronquils","Animalia","Chordata","Actinopterygii","Perciformes","Bathymasteridae","Bathymasteridae","spp","Bathymasteridae","WoRMS","151388"
"46","BFRE","Kelp Surfperch","Animalia","Chordata","Actinopterygii","Perciformes","Embiotocidae","Brachyistius","frenatus","Brachyistius frenatus","WoRMS","240721"
"50","BLEN","Blennies","Animalia","Chordata","Actinopterygii","Perciformes","Blenniidae","Blenniidae","spp","Blenniidae","WoRMS","125519"
"52","BOTH","Lefteyed Flounders","Animalia","Chordata","Actinopterygii","Pleuronectiformes","Bothidae","Bothidae","spp","Bothidae","WoRMS","125576"
"55","BPOL","Finescale Triggerfish","Animalia","Chordata","Actinopterygii","Tetraodontiformes","Balistidae","Balistes","polylepis","Balistes polylepis","WoRMS","275234"
"58","BRAY","Bat Ray","Animalia","Chordata","Elasmobranchii","Myliobatiformes","Myliobatidae","Myliobatis","californica","Myliobatis californica","WoRMS","271485"
"62","CAGG","Shiner Surfperch","Animalia","Chordata","Actinopterygii","Perciformes","Embiotocidae","Cymatogaster","aggregata","Cymatogaster aggregata","WoRMS","280461"
"66","CANA","Wooly Sculpin","Animalia","Chordata","Actinopterygii","Scorpaeniformes","Cottidae","Clinocottus","analis","Clinocottus analis","WoRMS","280219"
"67","CGIG","Giant Wrymouth","Animalia","Chordata","Actinopterygii","Perciformes","Cryptacanthodidae","Cryptacanthodes","giganteus","Cryptacanthodes giganteus","WoRMS","276392"
"68","CITH","Sanddabs","Animalia","Chordata","Actinopterygii","Pleuronectiformes","Paralichthyidae","Citharichthys","spp","Citharichthys","WoRMS","158786"
"71","CLIN","Kelpfishes And Fringeheads","Animalia","Chordata","Actinopterygii","Perciformes","Clinidae","Clinidae","spp","Clinidae","WoRMS","125530"
"73","CLUP","Sardines And Anchovies","Animalia","Chordata","Actinopterygii","Clupeiformes",NA,NA,NA,"Clupeiformes","WoRMS","10297"
"76","CNUG","Mosshead Warbonnet","Animalia","Chordata","Actinopterygii","Perciformes","Stichaeidae","Chirolophis","nugator","Chirolophis nugator","WoRMS","254577"
"79","COBS","Dusky shark","Animalia","Chordata","Elasmobranchii","Carcharhiniformes","Carcharhinidae","Carcharhinus","obscurus","Carcharhinus obscurus","WoRMS","105796"
"80","COTT","Sculpins","Animalia","Chordata","Actinopterygii","Scorpaeniformes","Cottidae","Cottidae","spp","Cottidae","WoRMS","125589"
"83","CPRI","Ocean Whitefish","Animalia","Chordata","Actinopterygii","Perciformes","Malacanthidae","Caulolatilus","princeps","Caulolatilus princeps","WoRMS","276217"
"87","CPUG","Roughback Sculpin","Animalia","Chordata","Actinopterygii","Scorpaeniformes","Cottidae","Chitonotus","pugetensis","Chitonotus pugetensis","WoRMS","280162"
"89","CPUN","Blacksmith","Animalia","Chordata","Actinopterygii","Perciformes","Pomacentridae","Chromis","punctipinnis","Chromis punctipinnis","WoRMS","273751"
"93","CSAT","Black Croaker","Animalia","Chordata","Actinopterygii","Perciformes","Sciaenidae","Cheilotrema","saturnum","Cheilotrema saturnum","WoRMS","280137"
"97","CSOR","Pacific Sanddab","Animalia","Chordata","Actinopterygii","Pleuronectiformes","Paralichthyidae","Citharichthys","sordidus","Citharichthys sordidus","WoRMS","275694"
"99","CSTI","Speckled Sanddab","Animalia","Chordata","Actinopterygii","Pleuronectiformes","Paralichthyidae","Citharichthys","stigmaeus","Citharichthys stigmaeus","WoRMS","275696"
"101","CVEN","Swell Shark","Animalia","Chordata","Elasmobranchii","Carcharhiniformes","Scyliorhinidae","Cephaloscyllium","ventriosum","Cephaloscyllium ventriosum","WoRMS","277105"
"104","CVIO","Monkeyface Eel","Animalia","Chordata","Actinopterygii","Perciformes","Stichaeidae","Cebidichthys","violaceus","Cebidichthys violaceus","WoRMS","280053"
"107","DMAC","Mackerel scad","Animalia","Chordata","Actinopterygii","Perciformes","Carangidae","Decapterus","macarellus","Decapterus macarellus","WoRMS","126807"
"108","EBIS","Buffalo Sculpin","Animalia","Chordata","Actinopterygii","Scorpaeniformes","Cottidae","Enophrys","bison","Enophrys bison","WoRMS","275355"
"110","EJAC","Black Surfperch","Animalia","Chordata","Actinopterygii","Perciformes","Embiotocidae","Embiotoca","jacksoni","Embiotoca jacksoni","WoRMS","240746"
"114","ELAT","Striped Surfperch","Animalia","Chordata","Actinopterygii","Perciformes","Embiotocidae","Embiotoca","lateralis","Embiotoca lateralis","WoRMS","240740"
"118","EMBI","Surfperches","Animalia","Chordata","Actinopterygii","Perciformes","Embiotocidae","Embiotocidae","spp","Embiotocidae","WoRMS","151386"
"121","EMOR","Northern Anchovy","Animalia","Chordata","Actinopterygii","Clupeiformes","Engraulidae","Engraulis","mordax","Engraulis mordax","WoRMS","272286"
"125","EWAL","Masked Prickleback","Animalia","Chordata","Actinopterygii","Perciformes","Stichaeidae","Ernogrammus","walkeri","Ernogrammus walkeri","WoRMS","280706"
"127","GBY","Gopher and Black And Yellow Rockfish Young of Year","Animalia","Chordata","Actinopterygii","Scorpaeniformes","Sebastidae","Sebastes","chrysomelas/carnatus young of year","Sebastes chrysomelas/carnatus","WoRMS","240737/274779"
"130","GELE","Spotted Kelpfish","Animalia","Chordata","Actinopterygii","Perciformes","Clinidae","Gibbonsia","elegans","Gibbonsia elegans","WoRMS","280833"
"132","GGAL","Tope Shark","Animalia","Chordata","Elasmobranchii","Carcharhiniformes","Triakidae","Galeorhinus","galeus","Galeorhinus galeus","WoRMS","105820"
"136","GIBB","Kelpfish","Animalia","Chordata","Actinopterygii","Perciformes","Clinidae","Gibbonsia","spp","Gibbonsia","WoRMS","269206"
"138","GMAE","Northern Clingfish","Animalia","Chordata","Actinopterygii","Gobiesociformes","Gobiesocidae","Gobiesox","maeandricus","Gobiesox maeandricus","WoRMS","275671"
"139","GMOR","California Moray","Animalia","Chordata","Actinopterygii","Anguilliformes","Muraenidae","Gymnothorax","mordax","Gymnothorax mordax","WoRMS","271856"
"143","GNIG","Opaleye","Animalia","Chordata","Actinopterygii","Perciformes","Kyphosidae","Girella","nigricans","Girella nigricans","WoRMS","280865"
"147","GOBI","Gobies","Animalia","Chordata","Actinopterygii","Perciformes","Gobiidae","Gobiidae","spp","Gobiidae","WoRMS","125537"
"150","HANA","Spotfin Surfperch","Animalia","Chordata","Actinopterygii","Perciformes","Embiotocidae","Hyperprosopon","anale","Hyperprosopon anale","WoRMS","281097"
"153","HARG","Walleye Surfperch","Animalia","Chordata","Actinopterygii","Perciformes","Embiotocidae","Hyperprosopon","argenteum","Hyperprosopon argenteum","WoRMS","281098"
"157","HAZU","Zebra-Perch Sea Chub","Animalia","Chordata","Actinopterygii","Perciformes","Kyphosidae","Hermosilla","azurea","Hermosilla azurea","WoRMS","281049"
"160","HCAL","Californian Salema","Animalia","Chordata","Actinopterygii","Perciformes","Haemulidae","Haemulon","californiensis","Haemulon californiensis","WoRMS","1020317"
"163","HCAR","Rainbow Surfperch","Animalia","Chordata","Actinopterygii","Perciformes","Embiotocidae","Hypsurus","caryi","Hypsurus caryi","WoRMS","240717"
"167","HDEC","Kelp Greenling","Animalia","Chordata","Actinopterygii","Scorpaeniformes","Hexagrammidae","Hexagrammos","decagrammus","Hexagrammos decagrammus","WoRMS","240732"
"170","HELL","Silver Surfperch","Animalia","Chordata","Actinopterygii","Perciformes","Embiotocidae","Hyperprosopon","ellipticum","Hyperprosopon ellipticum","WoRMS","281099"
"173","HEXA","Unidentified Hexagrammos","Animalia","Chordata","Actinopterygii","Scorpaeniformes","Hexagrammidae","Hexagrammos","spp","Hexagrammos","WoRMS","240731"
"175","HFRA","Horn Shark","Animalia","Chordata","Elasmobranchii","Heterodontiformes","Heterodontidae","Heterodontus","francisci","Heterodontus francisci","WoRMS","276694"
"179","HGRI","Sixgill shark","Animalia","Chordata","Elasmobranchii","Hexanchiformes","Hexanchidae","Hexanchus","griseus","Hexanchus griseus","WoRMS","105833"
"180","HHEM","Red Irish Lord","Animalia","Chordata","Actinopterygii","Scorpaeniformes","Cottidae","Hemilepidotus","hemilepidotus","Hemilepidotus hemilepidotus","WoRMS","254521"
"182","HLAG","Rock Greenling","Animalia","Chordata","Actinopterygii","Scorpaeniformes","Hexagrammidae","Hexagrammos","lagocephalus","Hexagrammos lagocephalus","WoRMS","240735"
"185","HROS","Giant Kelpfish","Animalia","Chordata","Actinopterygii","Perciformes","Clinidae","Heterostichus","rostratus","Heterostichus rostratus","WoRMS","281075"
"189","HRUB","Garibaldi","Animalia","Chordata","Actinopterygii","Perciformes","Pomacentridae","Hypsypops","rubicundus","Hypsypops rubicundus","WoRMS","281130"
"193","HSEM","Rock Wrasse","Animalia","Chordata","Actinopterygii","Perciformes","Labridae","Halichoeres","semicinctus","Halichoeres semicinctus","WoRMS","275798"
"197","HSPI","Brown Irish Lord","Animalia","Chordata","Actinopterygii","Scorpaeniformes","Cottidae","Hemilepidotus","spinosus","Hemilepidotus spinosus","WoRMS","279413"
"198","HSTE","Whitespotted Greenling","Animalia","Chordata","Actinopterygii","Scorpaeniformes","Hexagrammidae","Hexagrammos","stelleri","Hexagrammos stelleri","WoRMS","254545"
"200","JZON","Longfin Sculpin","Animalia","Chordata","Actinopterygii","Scorpaeniformes","Cottidae","Jordania","zonope","Jordania zonope","WoRMS","398459"
"203","KGB","Kelp, Gopher, Black And Yellow, and Copper Rockfish Young of Year","Animalia","Chordata","Actinopterygii","Scorpaeniformes","Sebastidae","Sebastes","atrovirens,carnatus,chrysomelas,caurinus","Sebastes atrovirens/carnatus/chrysomelas/caurinus","WoRMS","274772/274779/240737/274780"
"206","KSEI","Six-Spot Prickleback","Animalia","Chordata","Actinopterygii","Perciformes","Stichaeidae","Kasatkia","seigeli","Kasatkia seigeli","WoRMS","281215"
"209","LARM","Pacific staghorn sculpin","Animalia","Chordata","Actinopterygii","Scorpaeniformes","Cottidae","Leptocottus","armatus","Leptocottus armatus","WoRMS","254345"
"210","LCON","Kelp Goby, Halfblind Goby","Animalia","Chordata","Actinopterygii","Perciformes","Gobiidae","Lethops","connectens","Lethops connectens","WoRMS","240723"
"212","LDAL","Bluebanded Goby","Animalia","Chordata","Actinopterygii","Perciformes","Gobiidae","Lythrypnus","dalli","Lythrypnus dalli","WoRMS","281457"
"215","LHIR","Lavender Sculpin","Animalia","Chordata","Actinopterygii","Scorpaeniformes","Cottidae","Leiocottus","hirundo","Leiocottus hirundo","WoRMS","281282"
"218","LIPA","Snailfish","Animalia","Chordata","Actinopterygii","Scorpaeniformes","Liparidae","Liparis","spp","Liparis","WoRMS","126160"
"220","LLEP","Bay Goby","Animalia","Chordata","Actinopterygii","Perciformes","Gobiidae","Lepidogobius","lepidus","Lepidogobius lepidus","WoRMS","281292"
"222","LMUC","Slimy Snailfish","Animalia","Chordata","Actinopterygii","Scorpaeniformes","Liparidae","Liparis","mucosus","Liparis mucosus","WoRMS","274527"
"224","LXAN","Largemouth Blenny","Animalia","Chordata","Actinopterygii","Blenniiformes","Labrisomidae","Labrisomus","xanti","Labrisomus xanti","WoRMS","281266"
"225","LZEB","Zebra Goby","Animalia","Chordata","Actinopterygii","Perciformes","Gobiidae","Lythrypnus","zebra","Lythrypnus zebra","WoRMS","281472"
"227","MCAL","Halfmoon","Animalia","Chordata","Actinopterygii","Perciformes","Kyphosidae","Medialuna","californiensis","Medialuna californiensis","WoRMS","281541"
"231","MCEP","Mullet","Animalia","Chordata","Actinopterygii","Perciformes","Mugilidae","Mugil","cephalus","Mugil cephalus","WoRMS","126983"
"234","MMIN","Dwarf Surfperch","Animalia","Chordata","Actinopterygii","Perciformes","Embiotocidae","Micrometrus","minimus","Micrometrus minimus","WoRMS","281562"
"237","MMOL","Ocean Sunfish","Animalia","Chordata","Actinopterygii","Tetradontiformes","Molidae","Mola","mola","Mola mola","WoRMS","127405"
"240","MXEN","Broomtail Grouper","Animalia","Chordata","Actinopterygii","Perciformes","Serranidae","Mycteroperca","xenarcha","Mycteroperca xenarcha","WoRMS","273886"
"242","NBLA","Sarcastic Fringehead","Animalia","Chordata","Actinopterygii","Perciformes","Chaenopsidae","Neoclinus","blanchardi","Neoclinus blanchardi","WoRMS","281679"
"244","NCEP","Broadnose Sevengill Shark","Animalia","Chordata","Elasmobranchii","Hexanchiformes","Hexanchidae","Notorynchus","cepedianus","Notorynchus cepedianus","WoRMS","217628"
"246","NO_ORG","No Organisms Present In This Sample",NA,NA,NA,NA,NA,NA,NA,"No Organisms Present In This Sample","MLPA_kelpforest",NA
"250","NSTE","Yellowfin Fringehead","Animalia","Chordata","Actinopterygii","Perciformes","Chaenopsidae","Neoclinus","stephensae","Neoclinus stephensae","WoRMS","281685"
"252","NUNI","Onespot Fringehead","Animalia","Chordata","Actinopterygii","Perciformes","Chaenopsidae","Neoclinus","uninotatus","Neoclinus uninotatus","WoRMS","281687"
"254","OCAL","Senorita","Animalia","Chordata","Actinopterygii","Perciformes","Labridae","Oxyjulis","californica","Oxyjulis californica","WoRMS","240727"
"258","OELO","Lingcod","Animalia","Chordata","Actinopterygii","Scorpaeniformes","Hexagrammidae","Ophiodon","elongatus","Ophiodon elongatus","WoRMS","240745"
"262","OPIC","Painted Greenling","Animalia","Chordata","Actinopterygii","Scorpaeniformes","Hexagrammidae","Oxylebius","pictus","Oxylebius pictus","WoRMS","240743"
"266","OTRI","Snubnose Sculpin","Animalia","Chordata","Actinopterygii","Scorpaeniformes","Cottidae","Orthonopias","triacis","Orthonopias triacis","WoRMS","281935"
"269","OYB","Olive, Yellowtail, and Black Rockfish Young Of Year","Animalia","Chordata","Actinopterygii","Scorpaeniformes","Sebastidae","Sebastes","serranoides,flavidus,melanops","Sebastes serranoides/flavidus/melanops","WoRMS","274852/274795/274817"
"272","OYT","Olive Or Yellowtail Rockfish","Animalia","Chordata","Actinopterygii","Scorpaeniformes","Sebastidae","Sebastes","serranoides,flavidus","Sebastes serranoides/flavidus","WoRMS","274852/274795"
"276","PATR","Sharpnose Surfperch","Animalia","Chordata","Actinopterygii","Perciformes","Embiotocidae","Phanerodon","atripes","Phanerodon atripes","WoRMS","279409"
"280","PCAL","California Halibut","Animalia","Chordata","Actinopterygii","Pleuronectiformes","Paralichthyidae","Paralichthys","californicus","Paralichthys californicus","WoRMS","275809"
"284","PCLA","Kelp Bass, Calico Bass","Animalia","Chordata","Actinopterygii","Perciformes","Serranidae","Paralabrax","clathratus","Paralabrax clathratus","WoRMS","282054"
"288","PCOE","C-O Turbot","Animalia","Chordata","Actinopterygii","Pleuronectiformes","Pleuronectidae","Pleuronichthys","coenosus","Pleuronichthys coenosus","WoRMS","282290"
"292","PFAL","Scythemarked Butterflyfish","Animalia","Chordata","Actinopterygii","Perciformes","Chaetodontidae","Prognathodes","falcifer","Prognathodes falcifer","WoRMS","273374"
"296","PFUR","White Surfperch","Animalia","Chordata","Actinopterygii","Perciformes","Embiotocidae","Phanerodon","furcatus","Phanerodon furcatus","WoRMS","240730"
"300","PGLA","Blue Shark","Animalia","Chordata","Elasmobranchii","Carcharhiniformes","Carcharhinidae","Prionace","glauca","Prionace glauca","WoRMS","105801"
"303","PHOL","Gunnels","Animalia","Chordata","Actinopterygii","Perciformes","Pholidae","Pholidae","spp","Pholidae","WoRMS","125550"
"305","PLEU","Righteyed Flounders","Animalia","Chordata","Actinopterygii","Pleuronectiformes","Pleuronectidae","Pleuronectidae","spp","Pleuronectidae","WoRMS","125579"
"308","PMAC","Spotted Sandbass","Animalia","Chordata","Actinopterygii","Perciformes","Serranidae","Paralabrax","maculatofasciatus","Paralabrax maculatofasciatus","WoRMS","282058"
"312","PNEB","Barred Sandbass","Animalia","Chordata","Actinopterygii","Perciformes","Serranidae","Paralabrax","nebulifer","Paralabrax nebulifer","WoRMS","282059"
"316","PNOT","Plainfin Midshipman","Animalia","Chordata","Actinopterygii","Batrachoidiformes","Batrachoididae","Porichthys","notatus","Porichthys notatus","WoRMS","275658"
"319","PPRO","Shovelnose Guitarfish","Animalia","Chordata","Elasmobranchii","Rajiformes","Rhinobatidae","Pseudobatos","productus","Pseudobatos productus","WoRMS","1043469"
"322","PTRI","Thornback","Animalia","Chordata","Elasmobranchii","Rajiformes","Rhinobatidae","Platyrhinoidis","triseriata","Platyrhinoidis triseriata","WoRMS","282280"
"325","RALL","Stripefin Ronquil","Animalia","Chordata","Actinopterygii","Perciformes","Bathymasteridae","Rathbunella","alleni","Rathbunella alleni","WoRMS","282555"
"329","RBIN","Big Skate","Animalia","Chordata","Elasmobranchii","Rajiformes","Rajidae","Raja","binoculata","Raja binoculata","WoRMS","271572"
"332","RFYOY","Rockfish Young Of The Year, Unidentified Sp.","Animalia","Chordata","Actinopterygii","Scorpaeniformes","Sebastidae","Sebastes","spp","Sebastes","WoRMS","126175"
"335","RHYP","Smooth Ronquil","Animalia","Chordata","Actinopterygii","Perciformes","Bathymasteridae","Rathbunella","hypoplecta","Rathbunella hypoplecta","WoRMS","282556"
"339","RJOR","Northern Ronquil","Animalia","Chordata","Actinopterygii","Perciformes","Bathymasteridae","Ronquilus","jordani","Ronquilus jordani","WoRMS","282629"
"342","RNIC","Blackeye Goby","Animalia","Chordata","Actinopterygii","Perciformes","Gobiidae","Rhinogobiops","nicholsii","Rhinogobiops nicholsii","WoRMS","282580"
"346","RRIC","Grunt Sculpin","Animalia","Chordata","Actinopterygii","Scorpaeniformes","Rhamphocottidae","Rhamphocottus","richardsonii","Rhamphocottus richardsonii","WoRMS","282578"
"348","RSTE","Starry Skate","Animalia","Chordata","Elasmobranchii","Rajiformes","Rajidae","Raja","stellulata","Raja stellulata","WoRMS","271583"
"351","RTOX","Rubberlip Surfperch","Animalia","Chordata","Actinopterygii","Perciformes","Embiotocidae","Rhacochilus","toxotes","Rhacochilus toxotes","WoRMS","282575"
"355","RVAC","Pile Surfperch","Animalia","Chordata","Actinopterygii","Perciformes","Embiotocidae","Rhacochilus","vacca","Rhacochilus vacca","WoRMS","282576"
"359","SACA","Spiny Dogfish","Animalia","Chordata","Elasmobranchii","Squaliformes","Squalidae","Squalus","acanthias","Squalus acanthias","WoRMS","105923"
"362","SARG","California Barracuda","Animalia","Chordata","Actinopterygii","Perciformes","Sphyraenidae","Sphyraena","argentea","Sphyraena argentea","WoRMS","273978"
"366","SATR","Kelp Rockfish","Animalia","Chordata","Actinopterygii","Scorpaeniformes","Sebastidae","Sebastes","atrovirens","Sebastes atrovirens","WoRMS","274772"
"370","SAUR","Brown Rockfish","Animalia","Chordata","Actinopterygii","Scorpaeniformes","Sebastidae","Sebastes","auriculatus","Sebastes auriculatus","WoRMS","274773"
"374","SCAL","Pacific Angel Shark","Animalia","Chordata","Elasmobranchii","Squatiniformes","Squatinidae","Squatina","californica","Squatina californica","WoRMS","271667"
"378","SCAR","Gopher Rockfish","Animalia","Chordata","Actinopterygii","Scorpaeniformes","Sebastidae","Sebastes","carnatus","Sebastes carnatus","WoRMS","274779"
"382","SCARSCAU","Gopher, Copper Rockfish Young Of Year","Animalia","Chordata","Actinopterygii","Scorpaeniformes","Sebastidae","Sebastes","carnatus, caurinus","Sebastes carnatus/caurinus","WoRMS","274779/274780"
"384","SCAU","Copper Rockfish","Animalia","Chordata","Actinopterygii","Scorpaeniformes","Sebastidae","Sebastes","caurinus","Sebastes caurinus","WoRMS","274780"
"388","SCHI","Eastern Pacific Bonito","Animalia","Chordata","Actinopterygii","Perciformes","Scombridae","Sarda","chiliensis chiliensis","Sarda chiliensis chiliensis","WoRMS","273810"
"392","SCHR","Black And Yellow Rockfish","Animalia","Chordata","Actinopterygii","Scorpaeniformes","Sebastidae","Sebastes","chrysomelas","Sebastes chrysomelas","WoRMS","240737"
"396","SDAL","Calico Rockfish","Animalia","Chordata","Actinopterygii","Scorpaeniformes","Sebastidae","Sebastes","dallii","Sebastes dallii","WoRMS","274786"
"400","SDIP","Splitnose Rockfish","Animalia","Chordata","Actinopterygii","Scorpaeniformes","Sebastidae","Sebastes","diploproa","Sebastes diploproa","WoRMS","274787"
"403","SEBSPP","Rockfish, Unidentified Sp.","Animalia","Chordata","Actinopterygii","Scorpaeniformes","Sebastidae","Sebastes","spp","Sebastes","WoRMS","126175"
"406","SENT","Widow Rockfish","Animalia","Chordata","Actinopterygii","Scorpaeniformes","Sebastidae","Sebastes","entomelas","Sebastes entomelas","WoRMS","274791"
"409","SGIG","Giant Sea Bass","Animalia","Chordata","Actinopterygii","Perciformes","Polyprionidae","Stereolepis","gigas","Stereolepis gigas","WoRMS","282884"
"413","SGUT","California Scorpionfish","Animalia","Chordata","Actinopterygii","Scorpaeniformes","Scorpaenidae","Scorpaena","guttata","Scorpaena guttata","WoRMS","274713"
"417","SHOP","Squarespot Rockfish","Animalia","Chordata","Actinopterygii","Scorpaeniformes","Sebastidae","Sebastes","hopkinsi","Sebastes hopkinsi","WoRMS","274800"
"421","SJAP","Pacific Mackerel, Greenback Mackerel","Animalia","Chordata","Actinopterygii","Perciformes","Scombridae","Scomber","japonicus","Scomber japonicus","WoRMS","127022"
"425","SLAL","Yellowtail","Animalia","Chordata","Actinopterygii","Perciformes","Carangidae","Seriola","lalandi","Seriola lalandi","WoRMS","218436"
"429","SLUC","California Lizardfish","Animalia","Chordata","Actinopterygii","Aulopiformes","Synodontidae","Synodus","lucioceps","Synodus lucioceps","WoRMS","272132"
"431","SMAL","Quillback Rockfish","Animalia","Chordata","Actinopterygii","Scorpaeniformes","Sebastidae","Sebastes","maliger","Sebastes maliger","WoRMS","274815"
"433","SMAR","Cabezon","Animalia","Chordata","Actinopterygii","Scorpaeniformes","Cottidae","Scorpaenichthys","marmoratus","Scorpaenichthys marmoratus","WoRMS","282726"
"437","SMEL","Black Rockfish","Animalia","Chordata","Actinopterygii","Scorpaeniformes","Sebastidae","Sebastes","melanops","Sebastes melanops","WoRMS","274817"
"440","SMIN","Vermilion Rockfish","Animalia","Chordata","Actinopterygii","Scorpaeniformes","Sebastidae","Sebastes","miniatus","Sebastes miniatus","WoRMS","274820"
"444","SMYS","Blue Rockfish","Animalia","Chordata","Actinopterygii","Scorpaeniformes","Sebastidae","Sebastes","mystinus","Sebastes mystinus","WoRMS","274823"
"448","SNEB","China Rockfish","Animalia","Chordata","Actinopterygii","Scorpaeniformes","Sebastidae","Sebastes","nebulosus","Sebastes nebulosus","WoRMS","274824"
"451","SPAU","Bocaccio","Animalia","Chordata","Actinopterygii","Scorpaeniformes","Sebastidae","Sebastes","paucispinis","Sebastes paucispinis","WoRMS","274833"
"455","SPIN","Canary Rockfish","Animalia","Chordata","Actinopterygii","Scorpaeniformes","Sebastidae","Sebastes","pinniger","Sebastes pinniger","WoRMS","274836"
"458","SPUL","California Sheephead","Animalia","Chordata","Actinopterygii","Perciformes","Labridae","Semicossyphus","pulcher","Semicossyphus pulcher","WoRMS","282753"
"462","SRAS","Grass Rockfish","Animalia","Chordata","Actinopterygii","Scorpaeniformes","Sebastidae","Sebastes","rastrelliger","Sebastes rastrelliger","WoRMS","274839"
"466","SROS","Rosy Rockfish","Animalia","Chordata","Actinopterygii","Scorpaeniformes","Sebastidae","Sebastes","rosaceus","Sebastes rosaceus","WoRMS","274841"
"470","SRUB","Flag Rockfish","Animalia","Chordata","Actinopterygii","Scorpaeniformes","Sebastidae","Sebastes","rubrivinctus","Sebastes rubrivinctus","WoRMS","274845"
"473","SSAG","Pacific Sardine","Animalia","Chordata","Actinopterygii","Clupeiformes","Clupeidae","Sardinops","sagax","Sardinops sagax","WoRMS","217452"
"477","SSAX","Stripetail Rockfish","Animalia","Chordata","Actinopterygii","Scorpaeniformes","Sebastidae","Sebastes","saxicola","Sebastes saxicola","WoRMS","274848"
"481","SSEM","Halfbanded Rockfish","Animalia","Chordata","Actinopterygii","Scorpaeniformes","Sebastidae","Sebastes","semicinctus","Sebastes semicinctus","WoRMS","274851"
"485","STICH","Pricklebacks","Animalia","Chordata","Actinopterygii","Perciformes","Stichaeidae","Stichaeidae","spp","Stichaeidae","WoRMS","125566"
"488","STRE","Treefish","Animalia","Chordata","Actinopterygii","Scorpaeniformes","Sebastidae","Sebastes","serriceps","Sebastes serriceps","WoRMS","274853"
"492","SUMB","Honeycomb Rockfish","Animalia","Chordata","Actinopterygii","Scorpaeniformes","Sebastidae","Sebastes","umbrosus","Sebastes umbrosus","WoRMS","274862"
"495","SXYR","Rainbow scorpionfish","Animalia","Chordata","Actinopterygii","Scorpaeniformes","Scorpaenidae","Scorpaenodes","xyris","Scorpaenodes xyris","WoRMS","274756"
"496","SYNG","Pipefish","Animalia","Chordata","Actinopterygii","Syngnathiformes","Syngnathidae","Syngnathus","spp","Syngnathus","WoRMS","126227"
"500","SYRI","Manacled Sculpin/Kelp Clingfish","Animalia","Chordata","Actinopterygii","Scorpaeniformes/Gobiesociformes","Cottidae/Gobiesocidae","Synchirus/Rimicola","spp","Synchirus/Rimicola","WoRMS","271019/270760"
"502","TCAL","Pacific Electric Ray","Animalia","Chordata","Elasmobranchii","Torpediniformes","Torpedinidae","Tetronarce","californica","Tetronarce californica","WoRMS","845703"
"506","TPAC","Candlefish, eulachon","Animalia","Chordata","Actinopterygii","Osmeriformes","Osmeridae","Thaleichthys","pacificus","Thaleichthys pacificus","WoRMS","282959"
"507","TSEM","Leopard Shark","Animalia","Chordata","Elasmobranchii","Carcharhiniformes","Triakidae","Triakis","semifasciata","Triakis semifasciata","WoRMS","279060"
"511","TSYM","Jack Mackerel","Animalia","Chordata","Actinopterygii","Perciformes","Carangidae","Trachurus","symmetricus","Trachurus symmetricus","WoRMS","273305"
"515","UHAL","Haller's Round Ray","Animalia","Chordata","Elasmobranchii","Myliobatiformes","Urotrygonidae","Urolophus","halleri","Urolophus halleri","WoRMS","315896"
"518","UNID","Unidentified Fish","Animalia","Chordata",NA,NA,NA,NA,NA,"Unidentified Fish","MLPA_kelpforest",NA
"521","URON","Yellowfin drum","Animalia","Chordata","Actinopterygii","Perciformes","Sciaenidae","Umbrina","roncador","Umbrina roncador","WoRMS","273802"
"522","USAN","Kelp Gunnel","Animalia","Chordata","Actinopterygii","Perciformes","Pholidae","Ulvicola","sanctaerosae","Ulvicola sanctaerosae","WoRMS","322270"
"524","ZEXA","Banded Guitarfish","Animalia","Chordata","Elasmobranchii","Rajiformes","Rhinobatidae","Zapteryx","exasperata","Zapteryx exasperata","WoRMS","283213"
"527","ZROS","Pink Surfperch","Animalia","Chordata","Actinopterygii","Perciformes","Embiotocidae","Zalembius","rosaceus","Zalembius rosaceus","WoRMS","283202"
"531","APOCAL","California Sea Cucumber","Animalia","Echinodermata","Holothuroidea","Synallactida","Stichopodidae","Apostichopus","californicus","Apostichopus californicus","WoRMS","529363"
"532","APOPAR","Warty Sea Cucumber","Animalia","Echinodermata","Holothuroidea","Synallactida","Stichopodidae","Apostichopus","parvimensis","Apostichopus parvimensis","WoRMS","529435"
"533","ASTARM","Armored Sand Star","Animalia","Echinodermata","Asteroidea","Paxillosida","Astropectinidae","Astropecten","armatus","Astropecten armatus","WoRMS","292851"
"534","ASTSER","Fragile Rainbow Star","Animalia","Echinodermata","Asteroidea","Forcipulatida","Asteriidae","Astrometis","sertulifera","Astrometis sertulifera","WoRMS","255044"
"535","DERIMB","Leather Star","Animalia","Echinodermata","Asteroidea","Valvatida","Asteropseidae","Dermasterias","imbricata","Dermasterias imbricata","WoRMS","240771"
"538","HALCOR","Pink Abalone","Animalia","Mollusca","Gastropoda","Lepetellida","Haliotidae","Haliotis","corrugata","Haliotis corrugata","WoRMS","445308"
"540","HALCRA","Black Abalone","Animalia","Mollusca","Gastropoda","Lepetellida","Haliotidae","Haliotis","cracherodii","Haliotis cracherodii","WoRMS","405012"
"541","HALFUL","Green Abalone","Animalia","Mollusca","Gastropoda","Lepetellida","Haliotidae","Haliotis","fulgens","Haliotis fulgens","WoRMS","445325"
"543","HALKAM","Pinto Abalone","Animalia","Mollusca","Gastropoda","Lepetellida","Haliotidae","Haliotis","kamtschatkana","Haliotis kamtschatkana","WoRMS","405014"
"547","HALRUF","Red Abalone","Animalia","Mollusca","Gastropoda","Lepetellida","Haliotidae","Haliotis","rufescens","Haliotis rufescens","WoRMS","445357"
"551","HALSOR","White Abalone","Animalia","Mollusca","Gastropoda","Lepetellida","Haliotidae","Haliotis","sorenseni","Haliotis sorenseni","WoRMS","445362"
"553","HALSPP","Abalone Spp.","Animalia","Mollusca","Gastropoda","Lepetellida","Haliotidae","Haliotis","spp","Haliotis","WoRMS","138050"
"556","HALWAL","Flat Abalone","Animalia","Mollusca","Gastropoda","Lepetellida","Haliotidae","Haliotis","walallensis","Haliotis walallensis","WoRMS","445374"
"559","HENLEV","Blood Star","Animalia","Echinodermata","Asteroidea","Spinulosida","Echinasteridae","Henricia","leviuscula","Henricia leviuscula","WoRMS","369117"
"562","KELKEL","Kellet's Whelk","Animalia","Mollusca","Gastropoda","Neogastropoda","Buccinidae","Kelletia","kelletii","Kelletia kelletii","WoRMS","491054"
"564","LEPHEX","Six Arm Star","Animalia","Echinodermata","Asteroidea","Forcipulatida","Asteriidae","Leptasterias","hexactis","Leptasterias hexactis","WoRMS","369177"
"566","LINCOL","Fragile Star","Animalia","Echinodermata","Asteroidea","Valvatida","Ophidiasteridae","Linckia","columbiae","Linckia columbiae","WoRMS","378630"
"567","LYTPIC","white urchin","Animalia","Echinodermata","Echinoidea","Camarodonta","Toxopneustidae","Lytechinus","pictus","Lytechinus pictus","WoRMS","513378"
"568","MEDAEQ","Red Star","Animalia","Echinodermata","Asteroidea","Valvatida","Goniasteridae","Mediaster","aequalis","Mediaster aequalis","WoRMS","242160"
"570","MEGCRE","Giant Key-Hole Limpet","Animalia","Mollusca","Gastropoda","Lepetellida","Fissurellidae","Megathura","crenulata","Megathura crenulata","WoRMS","527885"
"572","MEGUND","Wavy Turban Snail","Animalia","Mollusca","Gastropoda","Trochida","Turbinidae","Megastraea","undosa","Megastraea undosa","WoRMS","528084"
"574","MESFRA","Red Urchin - all sizes","Animalia","Echinodermata","Echinoidea","Camarodonta","Strongylocentrotidae","Mesocentrotus","franciscanus","Mesocentrotus franciscanus","WoRMS","591102"
"578","ORTKOE","Rainbow Star","Animalia","Echinodermata","Asteroidea","Forcipulatida","Asteriidae","Orthasterias","koehleri","Orthasterias koehleri","WoRMS","255048"
"581","PANINT","Spiny Lobster","Animalia","Arthropoda","Malacostraca","Decapoda","Palinuridae","Panulirus","interruptus","Panulirus interruptus","WoRMS","382898"
"583","PATMIN","Bat Star","Animalia","Echinodermata","Asteroidea","Valvatida","Asterinidae","Patiria","miniata","Patiria miniata","WoRMS","382131"
"585","PISBRE","Short Spined Star","Animalia","Echinodermata","Asteroidea","Forcipulatida","Asteriidae","Pisaster","brevispinus","Pisaster brevispinus","WoRMS","240757"
"588","PISGIG","Giant Spined Star","Animalia","Echinodermata","Asteroidea","Forcipulatida","Asteriidae","Pisaster","giganteus","Pisaster giganteus","WoRMS","240758"
"591","PISOCH","Ochre Star","Animalia","Echinodermata","Asteroidea","Forcipulatida","Asteriidae","Pisaster","ochraceus","Pisaster ochraceus","WoRMS","240755"
"594","PISSPP","Pisaster spp. unidentified","Animalia","Echinodermata","Asteroidea","Forcipulatida","Asteriidae","Pisaster","spp","Pisaster","WoRMS","240754"
"596","POMGIB","Red Turban Snail","Animalia","Mollusca","Gastropoda","Trochida","Turbinidae","Pomaulax","gibberosus","Pomaulax gibberosus","WoRMS","581670"
"597","PYCHEL","Sunflower Star","Animalia","Echinodermata","Asteroidea","Forcipulatida","Asteriidae","Pycnopodia","helianthoides","Pycnopodia helianthoides","WoRMS","240764"
"599","SOLDAW","Dawson'S Sun Star","Animalia","Echinodermata","Asteroidea","Valvatida","Solasteridae","Solaster","dawsoni","Solaster dawsoni","WoRMS","292720"
"600","SOLSPP","Unidentified Sun Star","Animalia","Echinodermata","Asteroidea","Valvatida","Solasteridae","Solaster","spp","Solaster","WoRMS","123338"
"601","SOLSTI","Stimpson'S Sun Star","Animalia","Echinodermata","Asteroidea","Valvatida","Solasteridae","Solaster","stimpsoni","Solaster stimpsoni","WoRMS","292729"
"603","STRPUR","Purple Urchin","Animalia","Echinodermata","Echinoidea","Camarodonta","Strongylocentrotidae","Strongylocentrotus","purpuratus","Strongylocentrotus purpuratus","WoRMS","240747"
"607","STYFOR","Velcro Star","Animalia","Echinodermata","Asteroidea","Forcipulatida","Asteriidae","Stylasterias","forreri","Stylasterias forreri","WoRMS","255062"
"609","ALAMAR","Alaria","Chromista","Ochrophyta","Phaeophyceae","Laminariales","Alariaceae","Alaria","marginata","Alaria marginata","WoRMS","371791"
"612","COSCOS","Costaria","Chromista","Ochrophyta","Phaeophyceae","Laminariales","Costariaceae","Costaria","costata","Costaria costata","WoRMS","371985"
"615","DESLIG","Acid Weed","Chromista","Ochrophyta","Phaeophyceae","Desmarestiales","Desmarestiaceae","Desmarestia","ligulata","Desmarestia ligulata","WoRMS","145309"
"616","DICSPP","Dictyoneurum","Chromista","Ochrophyta","Phaeophyceae","Laminariales","Costariaceae","Dictyoneurum","californicum/reticulatum","Dictyoneurum californicum/reticulatum","WoRMS","372515/503878"
"618","EGRMEN","Egregia","Chromista","Ochrophyta","Phaeophyceae","Laminariales","Lessoniaceae","Egregia","menziesii","Egregia menziesii","WoRMS","372502"
"620","EISARBAD","Southern Sea Palm","Chromista","Ochrophyta","Phaeophyceae","Laminariales","Lessoniaceae","Eisenia","arborea","Eisenia arborea","WoRMS","371990"
"623","EISARBADSUB","Southern Sea Palm","Chromista","Ochrophyta","Phaeophyceae","Laminariales","Lessoniaceae","Eisenia","arborea","Eisenia arborea","WoRMS","371990"
"625","LAMFAR","Oar Weed","Chromista","Ochrophyta","Phaeophyceae","Laminariales","Laminariaceae","Laminaria","farlowii","Laminaria farlowii","WoRMS","372698"
"629","LAMSAC","Setchell's Kelp","Chromista","Ochrophyta","Phaeophyceae","Laminariales","Laminariaceae","Saccharina","latissima","Saccharina latissima","WoRMS","234483"
"630","LAMSETAD","Setchell's Kelp","Chromista","Ochrophyta","Phaeophyceae","Laminariales","Laminariaceae","Laminaria","setchellii","Laminaria setchellii","WoRMS","240748"
"633","LAMSETADSUB","Setchell's Kelp","Chromista","Ochrophyta","Phaeophyceae","Laminariales","Laminariaceae","Laminaria","setchellii","Laminaria setchellii","WoRMS","240748"
"635","LAMSPP","Laminaria","Chromista","Ochrophyta","Phaeophyceae","Laminariales","Laminariaceae","Laminaria","spp","Laminaria","WoRMS","144199"
"636","LAMSPP","Setchell's Kelp","Chromista","Ochrophyta","Phaeophyceae","Laminariales","Laminariaceae","Laminaria","spp","Laminaria","WoRMS","144199"
"638","LAMSTUMP","Laminareales stump","Chromista","Ochrophyta","Phaeophyceae","Laminariales",NA,"Laminariales","spp","Laminariales","WoRMS","845"
"639","MACPYRAD","Macrocystis","Chromista","Ochrophyta","Phaeophyceae","Laminariales","Laminariaceae","Macrocystis","pyrifera","Macrocystis pyrifera","WoRMS","232231"
"643","NEOFIM","Sieve/colander kelp","Chromista","Ochrophyta","Phaeophyceae","Laminariales","Agaraceae","Neoagarum","fimbriatum","Neoagarum fimbriatum","WoRMS","1313053"
"647","NERLUE","Nereocystis, bull kelp","Chromista","Ochrophyta","Phaeophyceae","Laminariales","Laminariaceae","Nereocystis","luetkeana","Nereocystis luetkeana","WoRMS","240752"
"650","PELPOR","Elkhorn Kelp","Chromista","Ochrophyta","Phaeophyceae","Laminariales","Laminariaceae","Pelagophycus","porra","Pelagophycus porra","WoRMS","372700"
"652","PLEGAR","Pleurophycus","Chromista","Ochrophyta","Phaeophyceae","Laminariales","Alariaceae","Pleurophycus","gardneri","Pleurophycus gardneri","WoRMS","372517"
"654","PTECALAD","Pterygophora","Chromista","Ochrophyta","Phaeophyceae","Laminariales","Alariaceae","Pterygophora","californica","Pterygophora californica","WoRMS","240750"
"655","PTECALAD","winged kelp","Chromista","Ochrophyta","Phaeophyceae","Laminariales","Alariaceae","Pterygophora","californica","Pterygophora californica","WoRMS","240750"
"657","PTECALADSUB","winged kelp","Chromista","Ochrophyta","Phaeophyceae","Laminariales","Alariaceae","Pterygophora","californica","Pterygophora californica","WoRMS","240750"
"658","PTECALADSUB","Pterygophora","Chromista","Ochrophyta","Phaeophyceae","Laminariales","Alariaceae","Pterygophora","californica","Pterygophora californica","WoRMS","240750"
"659","SACLAT","Sea Belt","Chromista","Ochrophyta","Phaeophyceae","Laminariales","Laminariaceae","Saccharina","latissima","Saccharina latissima","WoRMS","234483"
"661","SARAGA","Sargassum","Chromista","Ochrophyta","Phaeophyceae","Fucales","Sargassaceae","Sargassum","agardhianum","Sargassum agardhianum","WoRMS","494906"
"662","SARHOR","Invasive Sargassum","Chromista","Ochrophyta","Phaeophyceae","Fucales","Sargassaceae","Sargassum","horneri","Sargassum horneri","WoRMS","494853"
"663","SARMUT","Sargassum","Chromista","Ochrophyta","Phaeophyceae","Fucales","Sargassaceae","Sargassum","muticum","Sargassum muticum","WoRMS","494791"
"664","SARPAL","Sargassum","Chromista","Ochrophyta","Phaeophyceae","Fucales","Sargassaceae","Sargassum","palmeri","Sargassum palmeri","WoRMS","494907"
"665","SARSPP","Sargassum","Chromista","Ochrophyta","Phaeophyceae","Fucales","Sargassaceae","Sargassum","spp","Sargassum","WoRMS","144132"
"666","STEDIOAD","Fucoid Algae","Chromista","Ochrophyta","Phaeophyceae","Fucales","Sargassaceae","Stephanocystis","dioica","Stephanocystis dioica","WoRMS","624317"
"667","STEOSMAD","chain-bladder kelp adult","Chromista","Ochrophyta","Phaeophyceae","Fucales","Sargassaceae","Stephanocystis","osmundacea","Stephanocystis osmundacea","WoRMS","502165"
"671","UNDPIN","Undaria","Chromista","Ochrophyta","Phaeophyceae","Laminariales","Alariaceae","Undaria","pinnatifida","Undaria pinnatifida","WoRMS","145721"
"675","ACALUT","Nudibranch","Animalia","Mollusca","Gastropoda","Nudibranchia","Onchidorididae","Acanthodoris","lutea","Acanthodoris lutea","WoRMS","535686"
"676","ACARHO","Nudibranch","Animalia","Mollusca","Gastropoda","Nudibranchia","Onchidorididae","Acanthodoris","rhodoceras","Acanthodoris rhodoceras","WoRMS","535687"
"677","ACTBRA","Anemone","Animalia","Cnidaria","Anthozoa","Actiniaria","Actiniidae","Actinostella","bradleyi","Actinostella bradleyi","WoRMS","410971"
"678","ANEM","Anemone","Animalia","Cnidaria","Anthozoa","Actiniaria",NA,NA,NA,"Actiniaria","WoRMS","1360"
"679","ANTART","Moonglow Anemone","Animalia","Cnidaria","Anthozoa","Actiniaria","Actiniidae","Anthopleura","artemisia","Anthopleura artemisia","WoRMS","283337"
"682","ANTBAR","Nudibranch","Animalia","Mollusca","Gastropoda","Nudibranchia","Janolidae","Antiopella","barbarensis","Antiopella barbarensis","WoRMS","575288"
"683","ANTELE","Aggregating Anemone","Animalia","Cnidaria","Anthozoa","Actiniaria","Actiniidae","Anthopleura","elegantissima","Anthopleura elegantissima","WoRMS","283347"
"685","ANTSOL","Sunburst Anemone","Animalia","Cnidaria","Anthozoa","Actiniaria","Actiniidae","Anthopleura","sola","Anthopleura sola","WoRMS","240753"
"689","ANTSPP","Unidentified Anemone","Animalia","Cnidaria","Anthozoa","Actiniaria","Actiniidae","Anthopleura","spp","Anthopleura","WoRMS","100696"
"692","ANTXAN","Giant Green Anemone","Animalia","Cnidaria","Anthozoa","Actiniaria","Actiniidae","Anthopleura","xanthogrammica","Anthopleura xanthogrammica","WoRMS","283377"
"696","APAPRI","Nudibranch","Animalia","Mollusca","Gastropoda","Nudibranchia","Flabellinidae","Flabellina","pricei","Apata pricei","WoRMS","1047455"
"697","APLCAL","California Brown Sea Hare","Animalia","Mollusca","Gastropoda","Aplysiida","Aplysiidae","Aplysia","californica","Aplysia californica","WoRMS","240765"
"701","APLVAC","Black Sea Hare","Animalia","Mollusca","Gastropoda","Aplysiida","Aplysiidae","Aplysia","vaccaria","Aplysia vaccaria","WoRMS","568031"
"710","APOSPP","Sea Cucumber","Animalia","Echinodermata","Holothuroidea","Synallactida","Stichopodidae","Apostichopus","spp","Apostichopus","WoRMS","241373"
"712","ARBSTE","black urchin","Animalia","Echinodermata","Echinoidea","Arbacioida","Arbaciidae","Arbacia","stellata","Arbacia stellata","WoRMS","513125"
"718","ASTSPP","Unidentified Seastar","Animalia","Echinodermata","Asteroidea",NA,NA,"Asteroidea","spp","Asteroidea","WoRMS","123080"
"721","ATRIDA","Ida's Miter","Animalia","Mollusca","Gastropoda","Neogastropoda","Mitridae","Atrimitra","idae","Atrimitra idae","WoRMS","1074819"
"722","BALNUB","Barnacle","Animalia","Arthropoda","Hexanauplia","Sessilia","Balanidae","Balanus","nubilus","Balanus nubilus","WoRMS","594745"
"725","BAPMIM","Nudibranch","Animalia","Mollusca","Gastropoda","Nudibranchia","Discodorididae","Baptodoris","mimetica","Baptodoris mimetica","WoRMS","581822"
"726","BERCAL","California berthella","Animalia","Mollusca","Gastropoda","Pleurobranchida","Pleurobranchidae","Berthella","californica","Berthella californica","WoRMS","534374"
"727","CADLFLA","Nudibranch","Animalia","Mollusca","Gastropoda","Nudibranchia","Cadlinidae","Cadlina","flavomaculata","Cadlina flavomaculata","WoRMS","562477"
"728","CADLIM","Nudibranch","Animalia","Mollusca","Gastropoda","Nudibranchia","Cadlinidae","Cadlina","limbaughorum","Cadlina limbaughorum","WoRMS","581803"
"729","CALANN","Purple Ringed Topsnail","Animalia","Mollusca","Gastropoda","Trochida","Calliostomatidae","Calliostoma","annulatum","Calliostoma annulatum","WoRMS","534197"
"730","CALDLUT","Nudibranch","Animalia","Mollusca","Gastropoda","Nudibranchia","Cadlinidae","Cadlina","luteomarginata","Cadlina luteomarginata","WoRMS","562476"
"731","CALSPP","Top Snail","Animalia","Mollusca","Gastropoda","Trochida","Calliostomatidae","Calliostoma","spp","Calliostoma","WoRMS","138584"
"732","CANSPP","Cancer Crab","Animalia","Arthropoda","Malacostraca","Decapoda","Cancridae",NA,NA,"Cancridae","WoRMS","106749"
"736","CENCOR","Coronado Urchin, Crowned Urchin","Animalia","Echinodermata","Echinoidea","Diadematoida","Diadematidae","Centrostephanus","coronatus","Centrostephanus coronatus","WoRMS","513165"
"739","CERFOL","Leafy Hornmouth","Animalia","Mollusca","Gastropoda","Neogastropoda","Muricidae","Ceratostoma","foliatum","Ceratostoma foliatum","WoRMS","240767"
"742","CERNUT","Nuttall's hornmouth","Animalia","Mollusca","Gastropoda","Neogastropoda","Muricidae","Ceratostoma","nuttalli","Ceratostoma nuttalli","WoRMS","403965"
"743","CERPTE","Rock snail","Animalia","Mollusca","Gastropoda","Neogastropoda","Muricidae","Ceratostoma/Pteropurpura","spp","Ceratostoma/Pteropurpura","WoRMS","240766/225304"
"744","CRAARB","Grey Tennis Ball Sponge","Animalia","Porifera","Demospongiae","Tetractinellida","Tetillidae","Craniella","arb","Craniella arb","WoRMS","171324"
"747","CRAGIG","Rock Scallop","Animalia","Mollusca","Bivalvia","Pectinida","Pectinidae","Crassadoma","gigantea","Crassadoma gigantea","WoRMS","240774"
"751","CRIALB","White-Spotted Rose Anemone","Animalia","Cnidaria","Anthozoa","Actiniaria","Actiniidae","Cribrinopsis","albopunctata","Cribrinopsis albopunctata","WoRMS","240769"
"755","CROCAL","California Frog Shell","Animalia","Mollusca","Gastropoda","Littorinimorpha","Bursidae","Crossata","californica","Crossata californica","WoRMS","580701"
"756","CRYSIT","Umbrella Crab","Animalia","Arthropoda","Malacostraca","Decapoda","Lithodidae","Cryptolithodes","sitchensis","Cryptolithodes sitchensis","WoRMS","550616"
"759","CRYSTE","Gumboot Chiton","Animalia","Mollusca","Polyplacophora","Chitonida","Acanthochitonidae","Cryptochiton","stelleri","Cryptochiton stelleri","WoRMS","240776"
"762","CUCMIN","Orange Sea Cucumber","Animalia","Echinodermata","Holothuroidea","Dendrochirotida","Cucumariidae","Cucumaria","miniata","Cucumaria miniata","WoRMS","225807"
"764","CUCSPP","Sea Cucumber (embedded, non-mobile)","Animalia","Echinodermata","Holothuroidea","Dendrochirotida","Cucumariidae","Cucumaria","spp","Cucumaria","WoRMS","123479"
"766","DIASAN","Nudibranch","Animalia","Mollusca","Gastropoda","Nudibranchia","Discodorididae","Diaulula","sandiegensis","Diaulula sandiegensis","WoRMS","536817"
"767","DIOASP","Rough Keyhole Limpet","Animalia","Mollusca","Gastropoda","Lepetellida","Fissurellidae","Diodora","aspera","Diodora aspera","WoRMS","367955"
"769","DIRALB","Nudibranch","Animalia","Mollusca","Gastropoda","Nudibranchia","Dironidae","Dirona","albolineata","Dirona albolineata","WoRMS","581837"
"770","DORALB","Nudibranch","Animalia","Mollusca","Gastropoda","Nudibranchia","Dendrodorididae","Doriopsilla","albopunctata","Doriopsilla albopunctata","WoRMS","537019"
"771","DORMON","Nudibranch","Animalia","Mollusca","Gastropoda","Nudibranchia","Dorididae","Doris","montereyensis","Doris montereyensis","WoRMS","581816"
"772","DORSPA","Nudibranch","Animalia","Mollusca","Gastropoda","Nudibranchia","Dendrodorididae","Doriopsilla","spaldingi","Doriopsilla spaldingi","WoRMS","458417"
"773","ENTDOF","Giant Pacific Octopus","Animalia","Mollusca","Cephalopoda","Octopoda","Enteroctopodidae","Enteroctopus","dofleini","Enteroctopus dofleini","WoRMS","342305"
"774","EPIPRO","Proliferating Anemone","Animalia","Cnidaria","Anthozoa","Actiniaria","Actiniidae","Epiactis","prolifera","Epiactis prolifera","WoRMS","283435"
"776","EUGRUB","Purple Gorgonian","Animalia","Cnidaria","Anthozoa","Alcyonacea","Gorgoniidae","Eugorgia","rubens","Eugorgia rubens","WoRMS","289935"
"780","EVATRO","Mottled Star","Animalia","Echinodermata","Asteroidea","Forcipulatida","Asteriidae","Evasterias","troschelii","Evasterias troschelii","WoRMS","255040"
"782","FELCAL","Nudibranch","Animalia","Mollusca","Gastropoda","Nudibranchia","Chromodorididae","Felimare","californiensis","Felimare californiensis","WoRMS","597520"
"783","FELMAC","Nudibranch","Animalia","Mollusca","Gastropoda","Nudibranchia","Chromodorididae","Felimida","macfarlandi","Felimida macfarlandi","WoRMS","597451"
"784","FELPOR","Nudibranch","Animalia","Mollusca","Gastropoda","Nudibranchia","Chromodorididae","Felimare","porterae","Felimare porterae","WoRMS","597534"
"785","FISBIM","Two-spot Keyhole Limpet","Animalia","Mollusca","Gastropoda","Lepetellida","Fissurellidae","Fissurellidea","bimaculata","Fissurellidea bimaculata","WoRMS","527882"
"786","FLAIOD","Nudibranch","Animalia","Mollusca","Gastropoda","Nudibranchia","Flabellinidae","Flabellinopsis","iodinea","Flabellinopsis iodinea","WoRMS","1047483"
"787","GERRUB","""Sea Strawberry"" soft coral","Animalia","Cnidaria","Anthozoa","Alcyonacea","Nephtheidae","Gersemia","rubiformis","Gersemia rubiformis","WoRMS","156103"
"788","GORGAD","Gorgonian Adult","Animalia","Cnidaria","Anthozoa","Alcyonacea",NA,NA,NA,"Gorgonian Adult","MLPA_kelpforest",NA
"797","HENSPP","Blood Star","Animalia","Echinodermata","Asteroidea","Spinulosida","Echinasteridae","Henricia","spp","Henricia","WoRMS","123276"
"798","HERCRA","Nudibranch","Animalia","Mollusca","Gastropoda","Nudibranchia","Myrrhinidae","Hermissenda","crassicornis","Hermissenda crassicornis","WoRMS","367883"
"799","HERMSPP","Hermit Crabs","Animalia","Arthropoda","Malacostraca","Decapoda","Paguridae",NA,NA,"Paguridae","WoRMS","106738"
"800","HOLZAC","Sea Cucumber","Animalia","Echinodermata","Holothuroidea","Holothuriida","Holothuriidae","Holothuria (Vaneyothuria)","zacae","Holothuria (Vaneyothuria) zacae","WoRMS","241882"
"801","JORPAR","Nudibranch","Animalia","Mollusca","Gastropoda","Nudibranchia","Discodorididae","Jorunna","pardus","Jorunna pardus","WoRMS","534401"
"804","LEPCHI","Red Gorgonian","Animalia","Cnidaria","Anthozoa","Alcyonacea","Gorgoniidae","Leptogorgia","chilensis","Leptogorgia chilensis","WoRMS","286222"
"810","LOPMAN","Puget Sound King Crab","Animalia","Arthropoda","Malacostraca","Decapoda","Lithodidae","Lopholithodes","mandtii","Lopholithodes mandtii","WoRMS","550635"
"812","LOPSPP","King crabs","Animalia","Arthropoda","Malacostraca","Decapoda","Lithodidae","Lopholithodes","mandtii/foraminatus","Lopholithodes mandtii/foraminatus","WoRMS","550635/378125"
"813","LOXGRA","Sheep Crab","Animalia","Arthropoda","Malacostraca","Decapoda","Epialtidae","Loxorhynchus","grandis","Loxorhynchus grandis","WoRMS","441602"
"817","LOXSCY","Decorator Crab, Moss Crab","Animalia","Arthropoda","Malacostraca","Decapoda","Epialtidae","Loxorhynchus/Scyra","crispatus/acutifrons","Loxorhynchus crispatus/Scyra acutifrons","WoRMS","441601/441698"
"820","LUIFOL","Sand Star","Animalia","Echinodermata","Asteroidea","Paxillosida","Luidiidae","Luidia","foliolata","Luidia foliolata","WoRMS","368114"
"830","MEGSPP","Turban Snail","Animalia","Mollusca","Gastropoda","Trochida","Turbinidae","Megastrea/Lithopoma/Pomaulax/Astraea","spp","Turbinidae","WoRMS","503"
"834","MESFRAAD","Red Urchin adult","Animalia","Echinodermata","Echinoidea","Camarodonta","Strongylocentrotidae","Mesocentrotus","franciscanus","Mesocentrotus franciscanus","WoRMS","591102"
"838","MESFRAREC","Red Urchin  recruit","Animalia","Echinodermata","Echinoidea","Camarodonta","Strongylocentrotidae","Mesocentrotus","franciscanus","Mesocentrotus franciscanus","WoRMS","591102"
"839","METSPP","White Plumed Anemones","Animalia","Cnidaria","Anthozoa","Actiniaria","Metridiidae","Metridium","spp","Metridium","WoRMS","100770"
"843","MURCAL","California Golden Gorgonian","Animalia","Cnidaria","Anthozoa","Alcyonacea","Plexauridae","Muricea","californica","Muricea californica","WoRMS","287556"
"847","MURFRU","Brown Gorgonian","Animalia","Cnidaria","Anthozoa","Alcyonacea","Plexauridae","Muricea","fruticosa","Muricea fruticosa","WoRMS","287562"
"851","NAVINE","Navanax","Animalia","Mollusca","Gastropoda","Cephalaspidea","Aglajidae","Navanax","inermis","Navanax inermis","WoRMS","367836"
"852","NEOSPA","Chestnut Cowrie","Animalia","Mollusca","Gastropoda","Littorinimorpha","Cypraeidae","Neobernaya","spadicea","Neobernaya spadicea","WoRMS","580674"
"856","NEVLEW","Lewis' moon snail","Animalia","Mollusca","Gastropoda","Littorinimorpha","Naticidae","Neverita","lewisii","Neverita lewisii","WoRMS","718659"
"857","NORSPP","Norris's Top Snail","Animalia","Mollusca","Gastropoda","Trochida","Tegulidae","Norrisia","spp","Norrisia","WoRMS","413473"
"858","NUCLAM","Frilled Dogwinkle","Animalia","Mollusca","Gastropoda","Neogastropoda","Muricidae","Nucella","lamellosa","Nucella lamellosa","WoRMS","404218"
"860","OCTOPUS","Octopus","Animalia","Mollusca","Cephalopoda","Octopoda","Octopodidae","Octopus","spp","Octopus","WoRMS","138268"
"863","OPHESM","Smooth Brittlestar","Animalia","Echinodermata","Ophiuroidea","Amphilepidida","Hemieuryalidae","Ophioplocus","esmarki","Ophioplocus esmarki","WoRMS","243980"
"864","OPHPAN","Smooth Brittlestar","Animalia","Echinodermata","Ophiuroidea","Ophiacanthida","Ophiodermatidae","Ophioderma","panamensis","Ophioderma panamensis","WoRMS","243641"
"866","PACFIM","Burrowing Anemone","Animalia","Cnidaria","Anthozoa","Spirularia","Cerianthidae","Pachycerianthus","fimbriatus","Pachycerianthus fimbriatus","WoRMS","283820"
"870","PANDAN","Shrimp","Animalia","Arthropoda","Malacostraca","Decapoda","Pandalidae","Pandalus","danae","Pandalus danae","WoRMS","515462"
"875","PELMUL","Nudibranch","Animalia","Mollusca","Gastropoda","Nudibranchia","Discodorididae","Peltodoris","mullineri","Peltodoris mullineri","WoRMS","457913"
"876","PELNOB","Nudibranch","Animalia","Mollusca","Gastropoda","Nudibranchia","Discodorididae","Peltodoris","nobilis","Peltodoris nobilis","WoRMS","594422"
"877","PHYPAP","Heart Crab","Animalia","Arthropoda","Malacostraca","Decapoda","Lithodidae","Phyllolithodes","papillosus","Phyllolithodes papillosus","WoRMS","550606"
"881","PODMAC","Abalone Jingle","Animalia","Mollusca","Bivalvia","Pectinida","Anomiidae","Pododesmus","macrochisma","Pododesmus macrochisma","WoRMS","758426"
"883","POLATR","Nudibranch","Animalia","Mollusca","Gastropoda","Nudibranchia","Polyceridae","Polycera","atra","Polycera atra","WoRMS","527533"
"884","POLTRI","Nudibranch","Animalia","Mollusca","Gastropoda","Nudibranchia","Polyceridae","Polycera","tricolor","Polycera tricolor","WoRMS","527536"
"888","PORINF","Spiny Sea Star","Animalia","Echinodermata","Asteroidea","Valvatida","Poraniidae","Poraniopsis","inflata","Poraniopsis inflata","WoRMS","381961"
"890","PSEMON","Peachball Sponge","Animalia","Porifera","Demospongiae","Suberitida","Suberitidae","Pseudosuberites","montiniger","Pseudosuberites montiniger","WoRMS","134257"
"891","PSOCHI","Red slipper cucumber","Animalia","Echinodermata","Holothuroidea","Dendrochirotida","Psolidae","Psolus","chitonoides","Psolus chitonoides","WoRMS","247772"
"892","PTESTE","Pacific wing oyster","Animalia","Mollusca","Bivalvia","Ostreida","Pteriidae","Pteria","sterna","Pteria sterna","WoRMS","464505"
"893","PTETES","Cushion Star","Animalia","Echinodermata","Asteroidea","Velatida","Pterasteridae","Pteraster","tesselatus","Pteraster tesselatus","WoRMS","369053"
"895","PUGFOL","Mimicking Crab","Animalia","Arthropoda","Malacostraca","Decapoda","Epialtidae","Pugettia","foliata","Pugettia foliata","WoRMS","851288"
"898","PUGPRO","Northern Kelp Crab","Animalia","Arthropoda","Malacostraca","Decapoda","Epialtidae","Pugettia","producta","Pugettia producta","WoRMS","240780"
"902","PUGRIC","Cryptic Kelp Crab","Animalia","Arthropoda","Malacostraca","Decapoda","Epialtidae","Pugettia","richii","Pugettia richii","WoRMS","441490"
"906","PUGSPP","Kelp Crab","Animalia","Arthropoda","Malacostraca","Decapoda","Epialtidae","Pugettia","spp","Pugettia spp","WoRMS","240779"
"911","SCLHET","Banded Sea Star","Animalia","Echinodermata","Asteroidea","Forcipulatida","Asteriidae","Sclerasterias","heteropaes","Sclerasterias heteropaes","WoRMS","378795"
"912","SCYORE","Decorator Crab, Moss Crab","Animalia","Arthropoda","Malacostraca","Decapoda","Epialtidae/Oregoniidae","Scyra/Oregonia","acutifrons/gracilis","Scyra acutifrons/Oregonia gracilis","WoRMS","441698/442171"
"913","SOLDAW","Dawson's Sun Star","Animalia","Echinodermata","Asteroidea","Valvatida","Solasteridae","Solaster","dawsoni","Solaster dawsoni","WoRMS","292720"
"915","STRDRO","Green Urchin adult","Animalia","Echinodermata","Echinoidea","Camarodonta","Strongylocentrotidae","Strongylocentrotus","droebachiensis","Strongylocentrotus droebachiensis","WoRMS","124321"
"916","STRPURAD","Purple Urchin adult","Animalia","Echinodermata","Echinoidea","Camarodonta","Strongylocentrotidae","Strongylocentrotus","purpuratus","Strongylocentrotus purpuratus","WoRMS","240747"
"920","STRPURREC","Purple Urchin recruit","Animalia","Echinodermata","Echinoidea","Camarodonta","Strongylocentrotidae","Strongylocentrotus","purpuratus","Strongylocentrotus purpuratus","WoRMS","240747"
"921","STYCAL","California Hydrocoral","Animalia","Cnidaria","Hydrozoa","Anthoathecata","Stylasteridae","Stylaster","californicus","Stylaster californicus","WoRMS","285860"
"924","STYMON","Stalked Tunicate","Animalia","Chordata","Ascidiacea","Stolidobranchia","Styelidae","Styela","montereyensis","Styela montereyensis","WoRMS","240756"
"928","TALNUT","Southern Kelp Crab","Animalia","Arthropoda","Malacostraca","Decapoda","Epialtidae","Taliepus","nuttallii","Taliepus nuttallii","WoRMS","441503"
"930","TEGREG","Queen Tegula","Animalia","Mollusca","Gastropoda","Trochida","Tegulidae","Tegula","regina","Tegula regina","WoRMS","534195"
"932","TEGSPP","Turban snail","Animalia","Mollusca","Gastropoda","Trochida","Tegulidae","Tegula","spp","Tegula spp","WoRMS","413467"
"933","TELSPB","Sponge","Animalia","Porifera","Demospongiae","Tetractinellida","Tetillidae","Tetilla","sp","Tetilla","WoRMS","132095"
"934","TEST","Whole urchin test",NA,NA,NA,NA,NA,NA,NA,"Whole urchin test","MLPA_kelpforest",NA
"935","TETCAL","Orange Puff-Ball Sponge","Animalia","Porifera","Demospongiae","Tethyida","Tethyidae","Tethya","californiana","Tethya californiana","WoRMS","170942"
"939","TRICAT","Nudibranch","Animalia","Mollusca","Gastropoda","Nudibranchia","Polyceridae","Triopha","catalinae","Triopha catalinae","WoRMS","531258"
"940","TRIFES","Nudibranch","Animalia","Mollusca","Gastropoda","Nudibranchia","Tritoniidae","Tritonia","festiva","Tritonia festiva","WoRMS","549413"
"941","TRIHEL","Mitten Sponge","Animalia","Porifera","Demospongiae","Axinellida","Raspailiidae","Trikentrion","helium","Trikentrion helium","WoRMS","167952"
"942","TYLFUN","Opisthobranch","Animalia","Mollusca","Gastropoda","Umbraculida","Tylodinidae","Tylodina","fungina","Tylodina fungina","WoRMS","527756"
"943","UNIDSP","Unidentified Mobile Invert Species","Animalia",NA,NA,NA,NA,NA,NA,"Unidentified Mobile Invert Species","MLPA_kelpforest",NA
"945","URTCOL","Sand-Rose Anemone","Animalia","Cnidaria","Anthozoa","Actiniaria","Actiniidae","Urticina","columbiana","Urticina columbiana","WoRMS","283440"
"946","URTCOL","McPeak's Anemone","Animalia","Cnidaria","Anthozoa","Actiniaria","Actiniidae","Urticina","columbiana","Urticina columbiana","WoRMS","283440"
"949","URTCOLMCP","Sand-Rose/McPeak's Anemone","Animalia","Cnidaria","Anthozoa","Actiniaria","Actiniidae","Urticina","columbiana/mcpeaki","Urticina columbiana/mcpeaki","WoRMS","283440/283444"
"950","URTCOR","Stubby Rose Anemone","Animalia","Cnidaria","Anthozoa","Actiniaria","Actiniidae","Urticina","coriacea","Urticina coriacea","WoRMS","283441"
"953","URTCRA","Christmas Anemone","Animalia","Cnidaria","Anthozoa","Actiniaria","Actiniidae","Urticina","crassicornis","Urticina crassicornis","WoRMS","100832"
"956","URTMCP","McPeak's Anemone","Animalia","Cnidaria","Anthozoa","Actiniaria","Actiniidae","Urticina","mcpeaki","Urticina mcpeaki","WoRMS","283444"
"958","URTPIS","Fish-Eating Anemone","Animalia","Cnidaria","Anthozoa","Actiniaria","Actiniidae","Urticina","piscivora","Urticina piscivora","WoRMS","283445"
"961","URTSPP","Urticina Spp.","Animalia","Cnidaria","Anthozoa","Actiniaria","Actiniidae","Urticina","spp","Urticina","WoRMS","100706"
"965","AGLSTR","Ostrich-Plume Hydroid","Animalia","Cnidaria","Hydrozoa","Leptothecata","Aglaopheniidae","Aglaophenia","struthionides","Aglaophenia struthionides","WoRMS","284054"
"972","BARNAC","Barnacle","Animalia","Arthropoda","Hexanauplia",NA,NA,NA,NA,"Cirripedia","WoRMS","1082"
"976","BARROC","Bare Rock",NA,NA,NA,NA,NA,NA,NA,"Bare Rock","MLPA_kelpforest",NA
"980","BARSAN","Bare Sand",NA,NA,NA,NA,NA,NA,NA,"Bare Sand","MLPA_kelpforest",NA
"984","BRANCH","Red Algae (Branching Flat Blade)","Plantae","Rhodophyta",NA,NA,NA,NA,NA,"Red Algae (Branching Flat Blade)","MLPA_kelpforest",NA
"987","BROWN","Brown Algae","Chromista","Ochrophyta","Phaeophyceae",NA,NA,NA,NA,"Phaeophyceae","WoRMS","830"
"991","BRYO","Bryozoan","Animalia","Bryozoa",NA,NA,NA,NA,NA,"Bryozoa","WoRMS","146142"
"995","BUSHY","Red Algae (Cylindrical Branches)","Plantae","Rhodophyta",NA,NA,NA,NA,NA,"Red Algae (Cylindrical Branches)","MLPA_kelpforest",NA
"998","BUSHY00","Red Alga With Cylindrical Branches. Definition Used In 2000","Plantae","Rhodophyta",NA,NA,NA,NA,NA,"Red Alga With Cylindrical Branches. Definition Used In 2000","MLPA_kelpforest",NA
"1000","CAPMAT","Caprellidae","Animalia","Arthropoda","Malacostraca","Amphipoda","Caprellidae",NA,NA,"Caprellidae","WoRMS","101361"
"1001","CLAM","Clam","Animalia","Mollusca","Bivalvia",NA,NA,NA,NA,"Clam","MLPA_kelpforest",NA
"1005","COMTUN","Tunicate -Colonial,Compund,Social","Animalia","Chordata","Ascidiacea",NA,NA,NA,NA,"Tunicate -Colonial,Compund,Social","MLPA_kelpforest",NA
"1009","CORCAL","Strawberry Anemone","Animalia","Cnidaria","Anthozoa","Corallimorpharia","Corallimorphidae","Corynactis","californica","Corynactis californica","WoRMS","283836"
"1013","CRUCOR","Coralline Algae -Crustose","Plantae","Rhodophyta","Florideophyceae","Corallinales",NA,NA,NA,"Coralline Algae -Crustose","MLPA_kelpforest",NA
"1020","CUPCOR","Cup Coral","Animalia","Cnidaria","Anthozoa","Scleractinia",NA,NA,NA,"Cup Coral","MLPA_kelpforest",NA
"1024","DEADHOLD","Macrosystis Holdfast (Dead)",NA,NA,NA,NA,NA,NA,NA,"Macrosystis Holdfast (Dead)","MLPA_kelpforest",NA
"1027","DESSPP","Acidic Seaweed","Chromista","Ochrophyta","Phaeophyceae","Desmarestiales","Desmarestiaceae","Desmarestia","spp","Desmarestia","WoRMS","144061"
"1030","DIACAL","Southern Staghorn Bryozoan","Animalia","Bryozoa","Stenolaemata","Cyclostomatida",NA,"Diaperoforma","californica","Diaperoforma californica","WoRMS","472584"
"1034","DICTYOTALES","Dictyotales","Chromista","Ochrophyta","Phaeophyceae","Dictyotales",NA,"Dictyotales","spp","Dictyotales","WoRMS","839"
"1038","DIOCHA","Ornate Tube Worm","Animalia","Annelida","Polychaeta","Eunicida, no order available for Chaetopterus","Onuphidae, Chaetopteridae","Diopatra/Chaetopterus","spp","Diopatra/Chaetopterus spp","WoRMS","129398/129229"
"1042","DODFEW","Dodecaceria","Animalia","Annelida","Polychaeta","Terebellida","Cirratulidae","Dodecaceria","fewkesi","Dodecaceria fewkesi","WoRMS","327435"
"1044","DODSPP","Dodecaceria","Animalia","Annelida","Polychaeta","Terebellida","Cirratulidae","Dodecaceria","fewkesi/concharum","Dodecaceria fewkesi/concharum","WoRMS","327435/1843"
"1047","ENCRED","Red Algae -Encrusting","Plantae","Rhodophyta",NA,NA,NA,NA,NA,"Red Algae -Encrusting","MLPA_kelpforest",NA
"1050","ERECOR","Coralline Algae -Erect/Articulated","Plantae","Rhodophyta","Florideophyceae","Corallinales",NA,NA,NA,"Coralline Algae -Erect/Articulated","MLPA_kelpforest",NA
"1054","ERECTRED","Red Fleshy Algae","Plantae","Rhodophyta",NA,NA,NA,NA,NA,"Red Fleshy Algae","MLPA_kelpforest",NA
"1057","GREEN","Green Algae","Plantae","Chlorophyta",NA,NA,NA,NA,NA,"Chlorophyta","WoRMS","801"
"1061","HETPAC","Northern Staghorn Bryozoan","Animalia","Bryozoa","Stenolaemata","Cyclostomatida","Heteroporidae","Heteropora","pacifica","Heteropora pacifica","WoRMS","718279"
"1063","HYDROID","Hydroid","Animalia","Cnidaria","Hydrozoa",NA,NA,NA,NA,"Hydroid","WoRMS","1337"
"1067","LACY","Red Algae (Lacy Branching)","Plantae","Rhodophyta",NA,NA,NA,NA,NA,"Red Algae (Lacy Branching)","MLPA_kelpforest",NA
"1070","LAMHOLD","Laminariales Holdfast (Alive)","Chromista","Ochrophyta","Phaeophyceae","Laminariales",NA,NA,NA,"Laminariales Holdfast (Alive)","MLPA_kelpforest",NA
"1074","LEAFY","Red Algae (Leaf-Like)","Plantae","Rhodophyta",NA,NA,NA,NA,NA,"Red Algae (Leaf-Like)","MLPA_kelpforest",NA
"1077","MACPYRHF","Macrosystis Holdfast (Alive)","Chromista","Ochrophyta","Phaeophyceae","Laminariales","Laminariaceae","Macrocystis","pyrifera","Macrocystis pyrifera","WoRMS","232231"
"1081","MUD","Sediment/Mud",NA,NA,NA,NA,NA,NA,NA,"Sediment/Mud","MLPA_kelpforest",NA
"1085","MUSSEL","Mussel","Animalia","Mollusca","Bivalvia","Mytilida","Mytilidae","Mytilus",NA,"Mytilus spp","WoRMS","138228"
"1089","NERHOLD","Nereocystis holdfast (Alive)","Chromista","Ochrophyta","Phaeophyceae","Laminariales","Laminariaceae","Nereocystis","luetkeana","Nereocystis luetkeana","WoRMS","240752"
"1090","OCTOCORAL","Octocoral","Animalia","Cnidaria","Anthozoa","Alcyonacea",NA,NA,NA,"Octocoral","MLPA_kelpforest",NA
"1093","PACRUB","Red Sea Cucumber","Animalia","Echinodermata","Holothuroidea","Dendrochirotida","Sclerodactylidae","Pachythyone","rubra","Pachythyone rubra","WoRMS","529582"
"1096","PETMON","Worm Snail","Animalia","Mollusca","Gastropoda","Littorinimorpha","Vermetidae","Petaloconchus","montereyensis","Petaloconchus montereyensis","WoRMS","549434"
"1099","PHORON","Horseshoe Worm","Animalia","Phoronida",NA,NA,"Phoronidae","Phoronis","spp","Phoronis ijimai","WoRMS","237586"
"1100","PHRCAL","Colonial Sand Tube Worm","Animalia","Annelida","Polychaeta",NA,"Sabellariidae","Phragmatopoma","californica","Phragmatopoma californica","WoRMS","334501"
"1104","PHYSPP","Surfgrass","Plantae","Tracheophyta","Magnoliopsida","Alismatales","Cymodoceaceae","Phyllospadix","spp","Phyllospadix","WoRMS","370041"
"1108","SALTRI","Fragile Tube Worms","Animalia","Annelida","Polychaeta","Sabellida","Serpulidae","Salmacina","tribranchiata","Salmacina tribranchiata","WoRMS","334720"
"1120","SB00RED","UCSB 2000 Definition Of 'Other Red' Included All Red Algae Except Rhospp, Bushy, Leafy, Crucor And Erecor","Plantae","Rhodophyta",NA,NA,NA,NA,NA,"UCSB 2000 Definition Of 'Other Red' Included All Red Algae Except Rhospp, Bushy, Leafy, Crucor And Erecor","MLPA_kelpforest",NA
"1121","SC00RED","UCSC 2000 Definition Of 'Other Red' Included All Red Algae Except Rhospp, Bushy, Leafy, Crucor And Erecor","Plantae","Rhodophyta",NA,NA,NA,NA,NA,"UCSC 2000 Definition Of 'Other Red' Included All Red Algae Except Rhospp, Bushy, Leafy, Crucor And Erecor","MLPA_kelpforest",NA
"1122","SCALLOP","Scallop","Animalia","Mollusca","Bivalvia","Pectinida",NA,NA,NA,"Scallop","MLPA_kelpforest",NA
"1126","SCSB99RED","UCSC and UCSB 1999 Definition Of 'Other Red' Included All Red Algae Except Rhospp, Crucor And Erecor","Plantae","Rhodophyta",NA,NA,NA,NA,NA,"UCSC and UCSB 1999 Definition Of 'Other Red' Included All Red Algae Except Rhospp, Crucor And Erecor","MLPA_kelpforest",NA
"1128","SCUM","Diatom Layer",NA,NA,NA,NA,NA,NA,NA,"Diatom Layer","MLPA_kelpforest",NA
"1131","SHELL","Shell Debris",NA,NA,NA,NA,NA,NA,NA,"Shell Debris","MLPA_kelpforest",NA
"1135","SOLTUN","Tunicate -Solitary","Animalia","Chordata","Ascidiacea",NA,NA,NA,NA,"Tunicate -Solitary","MLPA_kelpforest",NA
"1139","SPONGE","Sponge","Animalia","Porifera",NA,NA,NA,NA,NA,"Porifera","WoRMS","558"
"1143","STEOSM","chain-bladder kelp","Chromista","Ochrophyta","Phaeophyceae","Fucales","Sargassaceae","Stephanocystis","osmundacea","Stephanocystis osmundacea","WoRMS","502165"
"1150","STYPAP","Encrusting Purple Hydrocoral","Animalia","Cnidaria","Hydrozoa","Anthoathecata","Stylasteridae","Stylantheca","papillosa","Stylantheca papillosa","WoRMS","291143"
"1153","THYPET","Tube Snail, Scaled Worm Shell","Animalia","Mollusca","Gastropoda","Littorinimorpha","Vermetidae","Thylacodes/Petaloconchus","squamigerus/montereyensis","Thylacodes squamigerus/Petaloconchus montereyensis","WoRMS","709499/549434"
"1155","THYSQU","Tube Snail, Scaled Worm Shell","Animalia","Mollusca","Gastropoda","Littorinimorpha","Vermetidae","Thylacodes","squamigerus","Thylacodes squamigerus","WoRMS","709499"
"1159","TUBAMP","Tube-building amphipods","Animalia","Arthropoda","Malacostraca","Amphipoda",NA,NA,NA,"Tube-building amphipods","MLPA_kelpforest",NA
"1160","TUBECOL","Tubeworm - colonial","Animalia","Annelida","Polychaeta",NA,NA,NA,NA,"Tubeworm - colonial","MLPA_kelpforest",NA
"1161","TUBEMAT","Tubeworm mat","Animalia","Annelida","Polychaeta",NA,NA,NA,NA,"Tubeworm mat","MLPA_kelpforest",NA
"1164","TUBEWORM","Tubeworm","Animalia","Annelida","Polychaeta",NA,NA,NA,NA,"Tubeworm","MLPA_kelpforest",NA
"1168","TURF","Red Filamentous Turf","Plantae","Rhodophyta",NA,NA,NA,NA,NA,"Red Filamentous Turf","MLPA_kelpforest",NA
"1172","UNDJUVLAM","Laminariales Recruit","Chromista","Ochrophyta","Phaeophyceae","Laminariales",NA,NA,NA,"Laminariales Recruit","MLPA_kelpforest",NA
"1173","WATSUB","Invasive bryozoan","Animalia","Bryozoa","Gymnolaemata","Cheilostomatida","Watersiporidae","Watersipora","subtorquata","Watersipora subtorquata","WoRMS","111592"
"1176","FLATREL","Vertical Relief: Flat",NA,NA,NA,NA,NA,NA,NA,"Vertical Relief: Flat","MLPA_kelpforest",NA
"1180","HIREL","Vertical Relief: High",NA,NA,NA,NA,NA,NA,NA,"Vertical Relief: High","MLPA_kelpforest",NA
"1184","MODREL","Vertical Relief: Moderate",NA,NA,NA,NA,NA,NA,NA,"Vertical Relief: Moderate","MLPA_kelpforest",NA
"1188","SLTREL","Vertical Relief: Slight",NA,NA,NA,NA,NA,NA,NA,"Vertical Relief: Slight","MLPA_kelpforest",NA
"1192","BEDRK","Substrate: Bedrock",NA,NA,NA,NA,NA,NA,NA,"Substrate: Bedrock","MLPA_kelpforest",NA
"1196","BOULD","Substrate: Boulder",NA,NA,NA,NA,NA,NA,NA,"Substrate: Boulder","MLPA_kelpforest",NA
"1200","COB","Substrate: Cobble",NA,NA,NA,NA,NA,NA,NA,"Substrate: Cobble","MLPA_kelpforest",NA
"1204","SAND","Substrate: Sand",NA,NA,NA,NA,NA,NA,NA,"Substrate: Sand","MLPA_kelpforest",NA
"1208","UNDBRIT","Brittlestars (Layer Above Primary Spaceholder)","Animalia","Echinodermata","Ophiuroidea","Amphilepidida","Ophiotrichidae","Ophiothrix","spiculata","Ophiothrix spiculata","WoRMS","245237"
"1211","UNDDET","Detritus (Layer Above Primary Spaceholder)",NA,NA,NA,NA,NA,NA,NA,"Detritus (Layer Above Primary Spaceholder)","MLPA_kelpforest",NA
"1214","UNDHAL","Abalone superlayer","Animalia","Mollusca","Gastropoda","Lepetellida","Haliotidae","Haliotis","spp.","Haliotis","WoRMS","138050"
"1216","UNDLAMFAR","Laminaria farlowii Sub-Canopy (Layer Above Primary Spaceholder)","Chromista","Ochrophyta","Phaeophyceae","Laminariales","Laminariaceae","Laminaria","farlowii","Laminaria farlowii","WoRMS","372698"
"1219","UNDNEOFIM","Sieve/colander kelp","Chromista","Ochrophyta","Phaeophyceae","Laminariales","Agaraceae","Neoagarum","fimbriatum","Neoagarum fimbriatum","WoRMS","1313053"
"1220","UNDPAC","Pachythyone Rubra (Layer Above Primary Spaceholder)","Animalia","Echinodermata","Holothuroidea","Dendrochirotida","Sclerodactylidae","Pachythyone","rubra","Pachythyone rubra","WoRMS","529582"
